{"cameraMode":{"drawMode":0,"name":"Shaded","section":"Shading Mode"},"sceneLighting":true,"audioPlay":false,"sceneViewState":{"showFog":true,"showMaterialUpdate":false,"showSkybox":true,"showFlares":true,"showImageEffects":true,"showParticleSystems":true},"in2DMode":false,"pivot":{"x":3.5577239990234377,"y":-23.60529327392578,"z":1.1926651000976563},"rotation":{"x":-0.05479627847671509,"y":0.9231087565422058,"z":-0.3525390923023224,"w":-0.14348170161247254},"size":134.0009002685547,"orthographic":false}