{"cameraMode":{"drawMode":0,"name":"Shaded","section":"Shading Mode"},"sceneLighting":true,"audioPlay":false,"sceneViewState":{"showFog":true,"showMaterialUpdate":false,"showSkybox":false,"showFlares":true,"showImageEffects":true,"showParticleSystems":true},"in2DMode":false,"pivot":{"x":0.42293787002563479,"y":1.303300380706787,"z":3.1125340461730959},"rotation":{"x":0.042866889387369159,"y":0.9478316307067871,"z":-0.14470534026622773,"w":0.2807818651199341},"size":6.374505996704102,"orthographic":false}