{"cameraMode":{"drawMode":0,"name":"Shaded","section":"Shading Mode"},"sceneLighting":false,"audioPlay":false,"sceneViewState":{"showFog":true,"showMaterialUpdate":false,"showSkybox":false,"showFlares":true,"showImageEffects":true,"showParticleSystems":true},"in2DMode":false,"pivot":{"x":-7.953502655029297,"y":0.021743178367614747,"z":32.72395324707031},"rotation":{"x":0.2389032244682312,"y":-0.3105459213256836,"z":0.08095129579305649,"w":0.9164814949035645},"size":0.20019438862800599,"orthographic":false}