{"cameraMode":{"drawMode":0,"name":"Shaded","section":"Shading Mode"},"sceneLighting":true,"audioPlay":false,"sceneViewState":{"showFog":true,"showMaterialUpdate":false,"showSkybox":true,"showFlares":true,"showImageEffects":true,"showParticleSystems":true},"in2DMode":false,"pivot":{"x":-0.7688075304031372,"y":-0.22443008422851563,"z":0.7327425479888916},"rotation":{"x":-0.05851748585700989,"y":0.9413207173347473,"z":-0.2258722186088562,"w":-0.24387127161026},"size":5.3492279052734379,"orthographic":false}