{"cameraMode":{"drawMode":0,"name":"Shaded","section":"Shading Mode"},"sceneLighting":false,"audioPlay":false,"sceneViewState":{"showFog":true,"showMaterialUpdate":false,"showSkybox":false,"showFlares":true,"showImageEffects":true,"showParticleSystems":true},"in2DMode":false,"pivot":{"x":13.436447143554688,"y":0.5400684475898743,"z":28.262691497802736},"rotation":{"x":0.04291650280356407,"y":0.9119765758514404,"z":-0.39583155512809756,"w":0.09887807071208954},"size":0.28977110981941225,"orthographic":false}