{"cameraMode":{"drawMode":0,"name":"Shaded","section":"Shading Mode"},"sceneLighting":false,"audioPlay":false,"sceneViewState":{"showFog":true,"showMaterialUpdate":false,"showSkybox":false,"showFlares":true,"showImageEffects":true,"showParticleSystems":true},"in2DMode":false,"pivot":{"x":-5.618178367614746,"y":1.4676523208618165,"z":5.1944427490234379},"rotation":{"x":0.29849109053611758,"y":-0.15795780718326569,"z":0.05016317218542099,"w":0.9399125576019287},"size":12.250619888305664,"orthographic":false}