{"cameraMode":{"drawMode":0,"name":"Shaded","section":"Shading Mode"},"sceneLighting":false,"audioPlay":false,"sceneViewState":{"showFog":true,"showMaterialUpdate":false,"showSkybox":false,"showFlares":true,"showImageEffects":true,"showParticleSystems":true},"in2DMode":false,"pivot":{"x":0.2596484124660492,"y":0.7880704402923584,"z":2.0299999713897707},"rotation":{"x":0.11940251290798187,"y":-0.1703803986310959,"z":0.020803693681955339,"w":0.9778960943222046},"size":3.238657236099243,"orthographic":false}